"","RSD"
"R.S..42.01.YSMEHFRWGKPV...98..G",0.064941
"R.RPVKVYPNVAENES..79.97.AEAFPLE.F",0.062092
"R.RPVKVYPNVAENES..154.00.AEAFPLEF.K",0.098977
"R.YGGFMTSEKS..100.02.QTPLVTLFKNAIIKNVHKKG.Q",0.168886
"R.YGGFMTSEKSQTP..27.99.LVTLFKNAIIKNVHKKGQ",0.041942
"R.RPVKVYPNVAENESAEAFPLE.F",0.087327
"R.YGGFMTSEKSQTPLVTLFK..109.05.NAIIKNV.H",0.047768
"R.SYSMEHFRWGKPV...98..G",0.054632
"R.S..42.01.YSMEHFRWGKPVG.K",0.077879
"R.Y..42.01.GGFMTSEKSQTPLVTLFKNAIIKNVH.K",0.331689
"R.YGGFMTSEKSQTPLVTLFKNAIIK..71.04.N.V",0.120566
"R.S..42.01.YSM..15.99.EHFRWGKPV...98..G",0.254297
"R.Y..42.01.GGFMTSEKSQTPLVTLFKNAIIK..14.02.NVH.K",0.352288
"R.SYSMEHFRWGKPVG..58.01..K",0.08107
"R.YGGFMTSEKSQTPLVTLFKNAIIKN..45.99.VHKKGQ",0.060547
"Q.TPLVTLFKNAIIK..71.04.N.V",0.043202
"Y.S..42.01.MEHFRWGKPV...98..G",0.048936
"Q.TPLVTLFKNAIIK..109.05.NV.H",0.121387
"S.Y..42.01.SMEHFRWGKPV...98..G",0.063969
"R.Y..42.01.GGFMTSEKSQTPL.V",0.060071
"R.RPVKVYPNVAENESAEAFPLEF.K",0.092161
"R.RPVKVYPNVAENES..79.97.AEAFPL.E",0.079305
"R.YGGFMTSEKSQTPLVTLFKN..45.99.AIIKNVH.K",0.138567
"R.S..42.01.YSMEHF.R",0.044507
"R.Y..42.01.GGFMTSEKSQTPLVTLF.K",0.298088
"R.RPVK..42.02.VYPNVAENESAEAFPLEF.K",0.352331
"R.AEEETAGGDGRPEPSPRE...98..G",0.178833
"R.Y..42.01.GGFMTSEKSQTPLVTLFKNAIIKNVHKKGQ",0.124231
"R.RPVKVYPNVAENESAEAFPL.E",0.150077
"R.RPVKVY..17.99.PNVAENESAEAFPLEF.K",0.151219
"R.Y..42.01.GGFMTSEKSQTPLVT.L",0.071096
"R.Y..42.01.GGFMTSEK.S",0.144265
"Q.TPLVTLFKNAIIKN..45.99.VH.K",0.040599
"R.Y..42.01.GGFMTSEKSQTPLVTLFKNAIIK.N",0.592784
"Q.TPLVTLFKNAIIKN..45.99.V.H",0.040385
"R.Y..42.01.GGFMTSEKSQTPLVTL.F",0.223563
"R.KYVMGHFRWD.R",0.048581
"E.SAEAFPLE.F",0.463019
"R.Y..42.01.GGFMTSEKSQ.T",0.116387
"K.SQTPLVTLFKNAIIK..109.05.NV.H",0.054065
"R.A..42.01.EEETAGGDGRPEPSPRE...98..G",0.079253
"Y.SMEHFRWGKPV...98..G",0.089501
"R.RPVKVYPNVAENE.S",0.134374
"R.YGGFMTSEKSQTPLVT.L",0.198421
"E.SAEAFPLEF.K",0.086349
"R.Y..42.01.GGFMTSEKSQTPLV.T",0.152506
"K.RRPVKVYPNVAENESAEAFPLEF.K",0.18129
"R.Y..42.01.GGFMTSEKSQTPLVTLFKNAIIKN.V",0.496788
"R.RPVK..42.01.VYPNVAENESAEAFPLE.F",0.142118
"Q.TPLVTLF.K",0.095717
"R.AEEETAGGDGRPEPSPR.E",0.098663
"E.TPVFPGNGDEQPLTENPR.K",0.182468
"R.YGGFMTSEKSQT..120.03.PLVTLFKNAIIKNVH.K",0.100138
"R.AEEETAGGDGRPEP..30.01.SPREG.K",0.076844
"R.R..27.99.PVKVYPNVAENESAEAFPLEF.K",0.511568
"R.KYVMGHFRWDRFGP.R",0.116121
"S.YSMEHFRWGKPV...98..G",0.193798
"H.FRWGKPV...98..G",0.064788
"A.EEETAGGDGRPEPSPRE...98..G",0.052402
"R.W..42.01.GNPPKD.K",0.128825
"G.GFMTSEKSQTPLVTLFKNAIIK..71.04.N.V",0.201069
"R.YGGFMTSEKSQTPLVTLFKNAIIKN.V",0.198353
"R.YGGFMTSEKSQTPLVTLF.K",0.233029
"R.AEEETAGGDGRPEPS..15.99.PREG.K",0.114899
"R.RPVKVYPNVAENES..79.97.AEAFPLEF.K",0.123161
"R.S..42.01.YSMEHFRWGKP.V",0.060053
"R.Y..42.01.GGFMTSEKSQTP.L",0.232746
"S.AEAFPLEF.K",0.110304
"D.GPYRVEHFRWGNPPKD.K",0.325901
"E.TPVFPGN.G",0.225348
"Q.TPLVTLFKNAIIKN.V",0.055168
"R.KYVMGHF.R",0.08353
"R.YGGFMTSEKSQTPLVTL.F",0.465335
"R.WGNPPKD.K",0.305208
"S.MEHFRWGKPV...98..G",0.264547
"T.LFKNAII.K",0.307169
"R.Y..42.01.GGFM..15.99.TSEKSQTPLVTLF.K",0.236779
"G.FMTSEKSQTP.L",0.125063
"R.AEEETAGGDGRPEPSP.R",0.082083
"R.SYSMEHF.R",0.12633
"R.S..42.01.YSM..15.99.EHF.R",0.086833
"R.Y..42.01.GGFM..15.99.TSEKSQTPL.V",0.494473
"V.MGHFRWD.R",0.126999
"R.RPVKVYPNVAEN.E",0.095536
"D.GPYRVEHF.R",0.14789
"A.EAFPLEF.K",0.183918
"R.Y..42.01.GGFMTS.E",0.103736
"R.RPVKVYPNVA.E",0.091621
"E.EETAGGDGRPEPSPRE...98..G",0.222171
"R.AEEETAGGDGRPEPSPR..14.02.EG.K",0.277261
"R.RAEEETAGGDGRPEPSPRE...98..G",0.194653
"R.ELEGEQPD.G",0.091617
"E.S..79.97.AEAFPLEF.K",0.253595
"R.Y..42.01.GGFM..15.99.TSEKSQTPLVTL.F",0.412504
"R.YGGFMTSEKSQ.T",0.379843
"Q.VLEPDTE.K",0.223449
"T.LPVCS..2.02.GGDC.Q",0.533585
"Q.TPLPELFDR.V",0.340002
"T.LPVCSGGDCQT..2.02.PLPELF.D",0.161748
"L.SHYIHTLY.T",0.548421
"T.LPVCS..2.02.GGDCQTPLPELFD.R",0.176078
"Q.TPLPELFDRVVMLSHYIH.T",0.158953
"D.PLFQLITGLG.G",0.099496
"Q.TPLPELFD.R",0.092824
"L.PELFD..18.01.RVVML.S",0.590292
"T.LPVCS..2.02.GGDCQTPLPELFDRVVML.S",0.458292
"Q.TPLPELFDRVVML.S",0.336335
"G.LGGIHEAPD.A",0.330787
"P.SLQGVDEE.S",0.688935
"R.LLDEGHDPVHESPVDTA.K",0.235431
"R.SFARAP..27.99.HLDL.K",0.091481
"R.LLDEGHDPVHESPVDT.A",0.095905
"R.SFARAP..27.99.HLD.L",0.083041
"R.LLDEGHDPVHE.S",0.041543
"R.LLDEGHDPVHESPVD.T",0.319674
"A.ELDQLLHY.R",0.144591
"D.PLQWKNSDFE.K",0.189683
"D.GVAELDQLLHY.R",0.149268
"L.GALFNPYFDPLQ.W",0.209383
"R.GRGREPGAYPALDSRQE.K",0.306712
"F.NPYFDPLQWKNSDFE.K",0.321856
"L.Q..17.03.KIAEKFSQR...98..G",0.094839
"D.DGVAELDQLLHY.R",0.625042
"L.Q..17.03.KIAEKFSQ.R",0.400325
"H.DPVHESPVDTA.K",0.102856
"E.LDQLLHY.R",0.271683
"F.NPYFDPL.Q",0.766057
"V.AELDQLLHY.R",0.358826
"R.LLDEGHDPVHESPVD..18.01..T",0.43075
"L.FNPYFDPL.Q",0.106787
"L.Q..17.03.KIAEKFS.Q",0.478136
"D.PVHESPVDTA.K",0.104166
"L.LDEGHDPVHESPVDTA.K",0.121097
"R.LLDEGHDPVHES..42.01.PVDTA.K",0.29601
"H.DPVHESPVDT.A",0.465206
"L.DEGHDPVHESPVDTA.K",0.103023
"R.LGALFNPYFD.P",0.129387
"R.SEES..79.97.QEKEY.K",0.102723
"L.LDEGHDPV.H",0.199513
"L.LDEGHDPVHESPV.D",0.304545
"L.LDEGHDPVHESPVD.T",0.121744
"L.LDEGHDPVHESPVDT.A",0.39193
"R.S..79.97.EES..79.97.QEKEY.K",0.142523
"E.GHDPVHESPVDTA.K",0.117875
"L.DEGHDPVHESPVD.T",0.124157
"L.DEGHDPVHESPVDT.A",0.439514
"L.DEGHDPVHESPV.D",0.249416
"D.LPHLPGLLLF",0.15652
"H.LPGLLLF",0.125099
"L.PHLPGLLLF",0.136108
"R.SVNPYLQGKRLDNVVA.K",0.056991
"R.SVNPYLQGKRLDNVV.A",0.143053
"R.SVNPYLQG..58.01..K",0.144392
"R.SVNPYLQ...98..G",0.153034
"K.SVPHFSEEEKEPE",0.073824
"V.NPYLQGKRLDNVVA.K",0.268309
"K.SVPHFS..79.97.EEEKEPE",0.100917
"R.SVNPYLQGKRLDN.V",0.213584
"S.VPHFS..79.97.EEEKEPE",0.138038
"S.VPHFSEEEKEPE",0.120243
"K.LLYEKMKGGQ.R",0.071628
"E.GPNLVARSKEALA",0.047955
"A.TEGPNLVARSKEALA",0.16497
"G.PNLVARSKEALA",0.254823
"R.LVQLAGTQESVDSAKPRVY",0.188294
"L.VQLAGTQESVDSAKPRVY",0.064913
"L.VQLAGTQESVDSAK..42.01.PRVY",0.213675
"E.SVDSAKPRVY",0.169857
"A.GTQESVDSAKPRVY",0.140009
"R.EGFFRLT.R",0.085968
"L.VQLAGTQESVDSAK..27.99.PRVY",0.225286
"L.VQLAGTQESVDSAKP.R",0.120237
"Q.LAGTQESVDSAKPRVY",0.184672
"L.VQLAGTQESVDSAKPR.V",0.154986
"L.VQLAGTQESVDSAKPRV.Y",0.188808
"E.SVD..18.01.SAKPRVY",0.138248
"L.AGTQESVDSAKPRV.Y",0.119538
"L.AGTQESVDSAKPRVY",0.152127
"L.AGTQESVDSAKP.R",0.202297
"Q.ESVDSAKPRVY",0.414894
"L.AGT..18.01.QESVDSAKPRVY",0.385745
"E.SVDS..42.01.AKPRVY",0.130138
"Q.LAGTQESVDSAKP.R",0.23143
"Q.LAGTQESVDSAKPR.V",0.18092
"G.TQESVDSAKPRVY",0.048938
"R.MDQLAKELTAE.K",0.437885
"R.WSRMDQLAKELTAE.K",0.090812
"R.AYGFRDPGPQL.R",0.444212
"R.MDQLAKELT.A",0.172394
"G.FRDPGPQL.R",0.369808
"R.WSRMDQLAKELT.A",0.180561
"R.LEGEDDPDRSM.K",0.32591
"A.SLDKFLA.S",0.058733
"D.PVNFKFL.S",0.362659
"A.SLDKFLASVSTVLTSKYR",0.155663
"H.ASLDKFLA.S",0.402681
"F.TPAMHASLDKFLA.S",0.158964
"F.TPAMHASLDKFLASVSTVLTSKYR",0.322456
"H.ASLDKFLASVSTVLTSKYR",0.246887
"V.STVLTSKYR",0.063684
"D.KFLASVSTVLTSKYR",0.157381
"A.SVSTVLTSK..42.01.YR",0.34347
"D.FTPAMHASLDKFLASVSTVLTSKYR",0.438193
"K.FLASVSTVLTSKYR",0.100908
"A.SLDKFLAS..42.01.VSTVLTSKYR",0.322543
"M.VLSADDKTNIKN..18.01..C",0.078973
"A.SVSTVLTSKYR",0.093406
"M.VLSADDKTNIKN.C",0.16553
"M.VLSADDKTNIK.N",0.120787
"F.T..15.99.PCAQAAFQKVVAGVASALAHKYH",0.130292
"M.VHLTDAEKAAVN.G",0.05543
"M.VHLTDAEKAAVNG.L",0.290916
"C.AQAAFQKVVAGVASALAHKYH",0.330276
"F.TPC..305.07.AQAAFQKVVAGVASALAHKYH",0.165197
"K.EFTPC..28.99.AQAAFQKVVAGVASALAHKYH",0.164964
"V.ASALAHKYH",0.165814
"Q.AAFQKVVAGVA.S",0.158482
"Q.AAFQKVVAGVASALAHKYH",0.330245
"D.SFGDLSSA.S",0.328849
"A.GVASALAHKYH",0.072661
"A.AFQKVVAGVASALAHKYH",0.092934
"A.QAAFQKVVAGVASALAHKYH",0.212084
"K.VVAGVASALAHKYH",0.153351
"M.VHLTDAEKA.A",0.203326
"M.VKVGVNGF.G",0.114964
"Y.SNRVVDLMAYMASKE",0.134174
"M.VKVGVNGFG.R",0.266703
"M.VKVGVNGFGRIG.R",0.146897
"N.SFVN...98.DIFERIAG.E",0.211819
"A.Q..17.03.EPGAPAAGM.R",0.102438
"A.QE..57.02.PGAPAAGM.R",0.157641
"A.Q..17.03.EPGAPAAGM..15.99..R",0.091182
"A.LLNKYGLL.V",1.019984
"A.KAGCSPL.M",1.586635
"R.YGGFLRKYP.K",0.023135
"R.YGGFLRRI.R",0.068822
"R.YGGFLRRQFKVVT.R",0.079417
"R.SQENPNTYSEDLDV",0.104543
"R.YGGFLRKYPK.R",0.082133
"R.SLSAASAPLAETSTPL.R",0.049579
"R.LENSSPQAPARRLLPP",0.027177
"R.AVDQDLGPEVPPENVL...98..G",0.108748
"L.SAASAPLAETSTPL.R",0.717858
"G.SSEPEAAPAPRRL.R",0.156622
"L.GPEVPPENVLGALL.R",0.338356
"R.SLSAASAPLAETSTPLRL.R",0.080997
"R.LENSSPQAPA.R",0.235736
"R.SLSAASAPLAETSTP.L",0.316954
"L.GPEVPPENVLGALLRV.K",0.387409
"R.LENSSPQAPARRL.L",0.229696
"S.APLAETSTPL.R",0.137858
"A.ASAPLAETSTPLRL.R",0.228131
"R.AVPRGEAAGAVQELARALAHL.L",0.401666
"MQIFVKTL.T",0.207954
"MQIFVKTLTGK.T",0.135021
"S.TLHLVLRLRGG.A",0.155477
"MQIFVKTL.T.1",0.213585
"MQIFVKTLTGK.T.1",0.133956
"S.TLHLVLRLRGG.M",0.156046
"MQIFVKTL.T.2",0.216886
"MQIFVKTLTGK.T.2",0.136742
"S.TLHLVLRLRGG.I",0.155045
"MQIFVKTL.T.3",0.212949
"MQIFVKTLTGK.T.3",0.134228
"S.TLHLVLRLRGG.M.1",0.149295
"A.FPKPEGSQDKSLHN.R",0.10394
"R.ELSAERPLNEQIAEAEADKI.K",0.387375
"R.ELSAERPLNEQIAEAEAD.K",0.340132
"A.FPKPEGSQD.K",0.126694
"S.SAVMALQEA.C",0.66621
"M.S..42.01.ILKIHAREIFD.S",0.116609
"R.SFRNPLAK",0.07413
"M.PMFIVNTNVPRA.S",0.228971
"N.AKVAVLGA.S",0.144149
"N.AKVAVLGASGGIGQPL.S",0.101904
"A.SLKPEFVDIINAKQ",0.12019
"Q.TFYLGGF.S",0.314069
"Q.TFYLGGFS...98..G",0.443097
"F.YLGGFSG..58.01.",0.405821
"Y.HSNLFRGQ.D",0.464829
"F.Q..17.03.ELGKLTGPSNQ.K",0.183656
"Y.PELMNTNQL.K",0.068439
"R.TNEIVEEQYTPQSL.A",0.259316
"L.KAGEKPNGLVEPEQDLEL.A",0.30746
"M.YEENSRENPF.K",0.1105
"R.IPAGSLKNED.T",0.236561
"E.SVFQELGKLTGPSNQ.K",0.617886
"R.IPAGSLKNEDTPN.R",0.116063
"F.QELGKLTGPSNQ.K",0.097982
"R.TNEIVEEQYTPQSLATLE.S",0.358049
"L.NQEQAEQGREHL.A",0.130786
"L.NQEQAEQGREHLA.K",0.137735
"A.ASFQRNQLL.Q",0.10947
"M.YEENS..79.97.RENPF.K",0.088072
"A.Q..17.03.EDAELQP.R",0.263747
"M.A..42.01.AYKLVLIRHGE.S",0.152481
"M.A..42.01.AYKLVLIRH.G",0.103494
"R.IKMALQQEGFD.R",0.386064
"K.TPLVTIQS..6.01..S",0.294668
"Q.ALLFLMALL.L",0.061033
"Q.ALLFLMALL.L.1",0.062524
"K.ALLFLMALL.L",0.06278
"G.TAYAIYMLAMAAFPKKQN",0.131802
"R.TLYGFGG",0.045544
"Q.GRTLYGFGG",0.059058
"G.RTLYGFGG",0.100341
"K.TVTAMDVVYALKRQGRT..114.04.LYGF.G",0.438808
"K.TVTAMDVVYALKRQGRTLYGFGG",0.443448
"R.PHFLYPK.S",0.042996
"R.PHFLYPKSRLV.R",0.166433
"I.PDKGSLT.L",0.450238
"R.SANSNPAMAPRE.R",0.192255
"A.LLRALASSNARAQQ.R",0.104076
"F.T..15.99.PCAQAAFQKVVAGVASALAHKYH.1",0.128999
"C.AQAAFQKVVAGVASALAHKYH.1",0.332099
"F.TPC..305.07.AQAAFQKVVAGVASALAHKYH.1",0.161897
"K.EFTPC..28.99.AQAAFQKVVAGVASALAHKYH.1",0.162724
"V.ASALAHKYH.1",0.162606
"Q.AAFQKVVAGVA.S.1",0.155099
"Q.AAFQKVVAGVASALAHKYH.1",0.335479
"A.GVASALAHKYH.1",0.073629
"A.AFQKVVAGVASALAHKYH.1",0.090332
"A.QAAFQKVVAGVASALAHKYH.1",0.209134
"K.VVAGVASALAHKYH.1",0.15898
"M.VHLTDAEKA.T",0.20354
"G.GKILGFFF",0.122622
"G.SAVISLEGKPL",0.066519
"R.AALDLDM.R",0.412092
"R.AALDLDMR.K",0.21922
"D.PESAFSE.R",0.114621
"A.FPAMPLSSLFAN.A",0.143308
"A.FPAMPLS.S",0.075838
"A.FPAMPLSSLFANAVLRAQHLHQLAA.D",0.64774
"G.SPRIGQILKQ.T",0.108785
"A.FPAMPLSSLFA.N",0.143417
"R.SDD..18.01.ALLKNYGLL.S",0.047641
"A.FPAMPLS..42.01..S",0.316046
"A.FPAMPLSSLFANAVLR.A",0.202986
"R.TDMELLRF.S",0.317425
"A.FPAMPLSSLF.A",0.104234
"A.FPAMPLSSLFANAVLRAQHLHQLAAD.T",0.359046
"A.FPAMPLSSLFANAVLRAQ.H",0.50706
"D.ALLKNYGLL.S",0.059817
"A.FPAMPLSSL.F",0.136477
"A.FPAMPLSS..18.01.L.F",0.527969
"A.FPAMPLS..18.01.SLFAN.A",0.123732
"A.FPAMPLSSLFANAVLRA.Q",0.203282
"A.FPAMPLSSLFANAVLRAQHLH.Q",0.157676
"A.FPAMPLSSLFANAVLRAQH.L",0.130334
"A.FPAMPLSSLFANAVLRAQHLHQLA.A",0.182645
"L.SSLFANAVLR.A",0.11108
"Q.TYDKFDANMR.S",0.0423
"A.FPAMPLSSLFANAVLRAQHLHQLAADTYKE.F",0.341617
"A.FPAM..15.99.PLSSLFAN.A",0.291693
"D.TYKEFERAYIPEGQRY.S",0.071017
"A.FPAMPLSSLFANAVL.R",0.359441
"A.FPAMPLSSLFANAVLRAQHLHQLAADTYK.E",0.156838
"A.FPAMPLSS.L",0.081401
"A.FPAMPLS..18.01..S",0.078462
"A.FPAMPLSSLFANAVLRAQHLHQL.A",0.403783
"R.SDDALLKNYG.L",0.354485
"A.FPAM..15.99.PLSSLFANAVLRAQH.L",0.288326
"L.SSLFANA.V",0.474008
"A.LLKNYGLL.S",0.079199
"A.FPAM..15.99.PLSSLFANAVLRAQHLH.Q",0.126231
"A.FPAMPLS..42.01.SLFAN.A",0.328771
"T.DMELLRF.S",0.116278
"A.FPAM..15.99.PLSSLFANA.V",0.206339
"A.FPAMPLS..42.01.SLFANAVLRAQHLH.Q",0.293088
"A.FPAMPLSSLFANAVLRAQHLHQ.L",0.268928
"A.FPAMPLS..18.01.SLF.A",0.106257
"A.FPAM..15.99.PLSSLFANAVLRAQHLHQLAA.D",0.463923
"A.FPAMPLSSLFAN..21.98..A",0.406039
"Q.ALMQELEDG.S",0.349115
"Q.ALMQELED..18.01.G.S",0.519201
"A.LMQELEDG.S",0.149768
"F.PAMPLSSLFAN..15.00..A",0.491789
"G.SPRIGQILK.Q",0.074011
"L.GPVQFLSRIF.T",0.056916
"A.FPAM..15.99.PLSSLFANAVLR.A",0.356674
"A.FPAMPLSS..42.01.LFANAVLRAQH.L",0.290169
"A.FPAMPLSS..42.01.L.F",0.479903
"A.FPAMPLSSLFA..21.98..N",0.454318
"A.FPAMPLSS..42.01.LF.A",0.62601
"A.FPAMPLSS..18.01.LFA.N",0.305553
"G.PVQFLSRIF.T",0.057119
"A.FPAMPLSSLF..21.98..A",0.368124
"A.FPAMPLSS..42.01.LFA.N",0.379888
"A.FPAMPLS..42.01.SLFANAVLR.A",0.433467
"A.FPAMPLSSLFANA.V",0.209798
"D.TYKEFERA.Y",0.178991
"M.S..42.01.KGPAVGIDLG.T",0.263404
"V.FVAPAVT.P",0.265875
"E.AEEEM..15.99.VPEGPGPLGPWGP.Q",0.075537
"R.YKVNEYQGPVAPSGGFFLFRPRN...98..G",0.171972
